PMT NO,PAYMENT DATE,BEGINNING BALANCE,SCHEDULED PAYMENT,EXTRA PAYMENT,TOTAL PAYMENT,PRINCIPAL,INTEREST,ENDING BALANCE,CUMULATIVE INTEREST
1,2019-02-21 00:00:00,$5,000.00,$425.75,$100.00,$525.75,$509.08,$16.67,$4,490.92,$16.67
2,2019-03-21 00:00:00,$4,490.92,$425.75,$100.00,$525.75,$510.78,$14.97,$3,980.14,$31.64
3,2019-04-21 00:00:00,$3,980.14,$425.75,$100.00,$525.75,$512.48,$13.27,$3,467.65,$44.90
4,2019-05-21 00:00:00,$3,467.65,$425.75,$100.00,$525.75,$514.19,$11.56,$2,953.46,$56.46
5,2019-06-21 00:00:00,$2,953.46,$425.75,$100.00,$525.75,$515.90,$9.84,$2,437.56,$66.31
6,2019-07-21 00:00:00,$2,437.56,$425.75,$100.00,$525.75,$517.62,$8.13,$1,919.94,$74.43
7,2019-08-21 00:00:00,$1,919.94,$425.75,$100.00,$525.75,$519.35,$6.40,$1,400.59,$80.83
8,2019-09-21 00:00:00,$1,400.59,$425.75,$100.00,$525.75,$521.08,$4.67,$879.50,$85.50
9,2019-10-21 00:00:00,$879.50,$425.75,$100.00,$525.75,$522.82,$2.93,$356.69,$88.43
10,2019-11-21 00:00:00,$356.69,$425.75,$0.00,$356.69,$355.50,$1.19,$0.00,$89.62